{"cameraMode":{"drawMode":0,"name":"Shaded","section":"Shading Mode"},"sceneLighting":true,"audioPlay":false,"sceneViewState":{"showFog":true,"showMaterialUpdate":false,"showSkybox":true,"showFlares":true,"showImageEffects":true,"showParticleSystems":true},"in2DMode":false,"pivot":{"x":-31.529294967651368,"y":-11.245309829711914,"z":-6.858370304107666},"rotation":{"x":-0.13459712266921998,"y":0.7805663347244263,"z":-0.18014070391654969,"w":-0.5832298994064331},"size":22.293073654174806,"orthographic":false}