{"cameraMode":{"drawMode":0,"name":"Shaded","section":"Shading Mode"},"sceneLighting":false,"audioPlay":false,"sceneViewState":{"showFog":true,"showMaterialUpdate":false,"showSkybox":false,"showFlares":true,"showImageEffects":true,"showParticleSystems":true},"in2DMode":false,"pivot":{"x":-0.251723051071167,"y":-0.09213584661483765,"z":-0.045562148094177249},"rotation":{"x":-0.1719488948583603,"y":-0.00501224584877491,"z":0.0008765479433350265,"w":-0.9850959181785584},"size":1.009889841079712,"orthographic":false}